Country,Surname
AL,Abazi
AL,Begu
AL,Bektashi
AL,Berisha
AL,Delvina
AL,Dervishi
AL,Dibra
AL,Frashëri
AL,Gashi
AL,Gegaj
AL,Gjika
AL,Gjoni
AL,Gjoni
AL,Halili
AL,Hasani
AL,Hoxha
AL,Hysi
AL,Kelmendi
AL,Kolla
AL,Koroveshi
AL,Kristo
AL,Kuqi
AL,Laçi
AL,Marku
AL,Murati
AL,Nikolla
AL,Prifti
AL,Prishtina
AL,Përmeti
AL,Toskaj
AM,Arakelyan
AM,Avetisyan
AM,Davtyan
AM,Gevorgyan
AM,Ghazaryan
AM,Grigoryan
AM,Hakobyan
AM,Harutyunyan
AM,Hovhannisyan
AM,Karapetyan
AM,Khachatryan
AM,Manukyan
AM,Margaryan
AM,Martirosyan
AM,Mkrtchyan
AM,Petrosyan
AM,Poghosyan
AM,Sahakyan
AM,Sargsyan
AM,Vardanyan
AR,Arias
AR,Blanco
AR,Cabrera
AR,Carrizo
AR,Castro
AR,Cohen
AR,Colombo
AR,Costa
AR,Delgado
AR,Díaz
AR,Figueroa
AR,Flores
AR,Gallo
AR,Godoy
AR,González
AR,Herrera
AR,Ibáñez
AR,Iglesias
AR,Lorenzo
AR,López
AR,Moreno
AR,Méndez
AR,Otero
AR,Romano
AR,Silva
AR,Soria
AR,Sánchez
AR,Torres
AR,Varela
AR,Vera
AT,Aigner
AT,Auer
AT,Bauer
AT,Berger
AT,Binder
AT,Brunner
AT,Ebner
AT,Eder
AT,Egger
AT,Fuchs
AT,Gruber
AT,Heilig
AT,Hofer
AT,Huber
AT,Lang
AT,Lechner
AT,Lehner
AT,Maier
AT,Mayer
AT,Müller
AT,Pichler
AT,Reiter
AT,Schmid
AT,Schuster
AT,Steiner
AT,Wagner
AT,Weber
AT,Wimmer
AT,Winkler
AT,Wolf
AU,Anderson
AU,Brown
AU,Harris
AU,Johnson
AU,Jones
AU,Kelly
AU,Lee
AU,Martin
AU,Murphy
AU,Nguyen
AU,Robinson
AU,Ryan
AU,Smith
AU,Taylor
AU,Thompson
AU,Turner
AU,Walker
AU,White
AU,Williams
AU,Wilson
AZ,Abbasov
AZ,Abdullayev
AZ,Ahmadov
AZ,Aliyev
AZ,Guliyev
AZ,Hasanov
AZ,Huseynov
AZ,Ismayilov
AZ,Jafarov
AZ,Mammadov
BA,Adilović
BA,Božić
BA,Delemović
BA,Delić
BA,Demirović
BA,Golubović
BA,Hadžić
BA,Hodžić
BA,Ibrahimović
BA,Ilić
BA,Jovanović
BA,Knežević
BA,Kovačević
BA,Lukić
BA,Marić
BA,Marković
BA,Mehmedović
BA,Muratović
BA,Petrović
BA,Popović
BA,Radić
BA,Salihović
BA,Suljić
BA,Tahirović
BA,Terzić
BA,Tomić
BA,Vujić
BA,Zukić
BA,Đukić
BA,Đurić
BD,Ahmed
BD,Akter
BD,Hossain
BD,Islam
BD,Khatun
BD,Rahman
BE,Bah
BE,Barry
BE,Benali
BE,Claes
BE,De Smet
BE,Denis
BE,Diallo
BE,Dubois
BE,Dumont
BE,Dupont
BE,Goossens
BE,Jacobs
BE,Janssens
BE,Lambert
BE,Laurent
BE,Leclercq
BE,Lejeune
BE,Maes
BE,Martin
BE,Mertens
BE,Nguyen
BE,Peeters
BE,Simon
BE,Sow
BE,Willems
BE,Wouters
BG,Angelov
BG,Angelova
BG,Dimitrov
BG,Dimitrova
BG,Georgiev
BG,Georgieva
BG,Hristov
BG,Hristova
BG,Iliev
BG,Ilieva
BG,Ivanov
BG,Ivanova
BG,Nikolov
BG,Nikolova
BG,Petrov
BG,Petrova
BG,Stoyanov
BG,Stoyanova
BG,Todorov
BG,Todorova
BR,Almeida
BR,Alves
BR,Araújo
BR,Azevedo
BR,Barbosa
BR,Cardoso
BR,Carvalho
BR,Cavalcanti
BR,Correa
BR,Correia
BR,Dias
BR,Fernandes
BR,Ferreira
BR,Gomes
BR,Gonçalves
BR,Lima
BR,Martins
BR,Montes
BR,Morais
BR,Oliveira
BR,Pereira
BR,Ribeiro
BR,Rocha
BR,Rodrigues
BR,Santos
BR,Schmidt
BR,Schmitz
BR,Silva
BR,Sousa
BR,Teixeira
BY,Ivanoŭ
BY,Kavalioŭ
BY,Kazloŭ
BY,Kazloŭski
BY,Novik
BY,
BY,
BY,
BY,
BY,
CA,Brown
CA,Gagnon
CA,Johnson
CA,Lee
CA,MacDonald
CA,Martin
CA,Roy
CA,Smith
CA,Tremblay
CA,Wilson
CH,Baumann
CH,Brunner
CH,Fischer
CH,Frei
CH,Gerber
CH,Huber
CH,Keller
CH,Meier
CH,Meyer
CH,Moser
CH,Müller
CH,Schmid
CH,Schneider
CH,Steiner
CH,Weber
CL,Bustos
CL,Carrasco
CL,Cortés
CL,Donoso
CL,Escobar
CL,Espinoza
CL,Figueroa
CL,Gallardo
CL,Garrido
CL,González
CL,Guerrero
CL,Jiménez
CL,Leiva
CL,López
CL,Miranda
CL,Molina
CL,Morales
CL,Palma
CL,Pérez
CL,Reyes
CL,Riquelme
CL,Ruiz
CL,Sepúlveda
CL,Sáez
CL,Sánchez
CL,Torres
CL,Valdés
CL,Vera
CL,Vidal
CL,Álvarez
CN,Chan
CN,Cheung
CN,Chiu
CN,Chow
CN,Chu
CN,Chén
CN,Guō
CN,Gāo
CN,Ho
CN,Huáng
CN,Ko
CN,Kwok
CN,Lam
CN,Law
CN,Lee
CN,Liú
CN,Lín
CN,Lǐ
CN,Ma
CN,Mǎ
CN,Ng
CN,Tsui
CN,Wong
CN,Wong
CN,Wu
CN,Wáng
CN,Wú
CN,Yeung
CN,Zhāng
CN,Zhū
CO,Díaz
CO,García
CO,González
CO,Gómez
CO,Hernández
CO,Jiménez
CO,López
CO,Martínez
CO,Moreno
CO,Muñoz
CO,Pérez
CO,Ramírez
CO,Rodríguez
CO,Rojas
CO,Sánchez
CR,Araya
CR,Calderón
CR,González
CR,Gutiérrez
CR,Hernández
CR,Herrera
CR,Jiménez
CR,López
CR,Madrigal
CR,Mora
CR,Morales
CR,Pérez
CR,Ramírez
CR,Rodríguez
CR,Rojas
CR,Salas
CR,Segura
CR,Sánchez
CR,Torres
CR,Valverde
CR,Vargas
CR,Villalobos
CU,Castillo
CU,Cruz
CU,De Los Santos
CU,Díaz
CU,Fernández
CU,Fuentes
CU,García
CU,González
CU,Guzmán
CU,Gómez
CU,Hernández
CU,Jiménez
CU,López
CU,Martinez
CU,Mejía
CU,Montes
CU,Núñez
CU,Peña
CU,Ponce
CU,Pérez
CU,Ramírez
CU,Reyes
CU,Rodríguez
CU,Rosario
CU,Santana
CU,Santos
CU,Sánchez
CU,Vargas
CU,Vásquez
CU,de la Cruz
CZ,Dvořák
CZ,Dvořáková
CZ,Horák
CZ,Horáková
CZ,Kučera
CZ,Kučerová
CZ,Novotná
CZ,Novotný
CZ,Novák
CZ,Nováková
CZ,Němcová
CZ,Němec
CZ,Procházka
CZ,Procházková
CZ,Svoboda
CZ,Svobodová
CZ,Veselá
CZ,Veselý
CZ,Černá
CZ,Černý
DE,Becker
DE,Fischer
DE,Hoffmann
DE,Meyer
DE,Müller
DE,Schmidt
DE,Schneider
DE,Schulz
DE,Wagner
DE,Weber
DK,Andersen
DK,Christensen
DK,Christiansen
DK,Hansen
DK,Jensen
DK,Johansen
DK,Jørgensen
DK,Kristensen
DK,Larsen
DK,Madsen
DK,Mortensen
DK,Møller
DK,Nielsen
DK,Olsen
DK,Pedersen
DK,Petersen
DK,Poulsen
DK,Rasmussen
DK,Sørensen
DK,Thomsen
DO,Castillo
DO,Cruz
DO,De Los Santos
DO,Díaz
DO,Fernández
DO,Fuentes
DO,García
DO,González
DO,Guzmán
DO,Gómez
DO,Hernández
DO,Jiménez
DO,López
DO,Martinez
DO,Mejía
DO,Montes
DO,Núñez
DO,Peña
DO,Ponce
DO,Pérez
DO,Ramírez
DO,Reyes
DO,Rodríguez
DO,Rosario
DO,Santana
DO,Santos
DO,Sánchez
DO,Vargas
DO,Vásquez
DO,de la Cruz
EE,Aleksejev
EE,Andrejev
EE,Ilves
EE,Ivanov
EE,Karpin
EE,Kask
EE,Koppel
EE,Kukk
EE,Kuznetsov
EE,Mihhailov
EE,Mägi
EE,Pavlov
EE,Petrov
EE,Pärn
EE,Rebane
EE,Saar
EE,Semjonov
EE,Sepp
EE,Smirnov
EE,Tamm
EE,Vassiljev
ES,Alonso
ES,Blanco
ES,Castro
ES,Delgado
ES,Díaz
ES,Fernández
ES,García
ES,González
ES,Gómez
ES,Hernández
ES,Iglesias
ES,Jiménez
ES,López
ES,Martín
ES,Martínez
ES,Molina
ES,Morales
ES,Moreno
ES,Muñoz
ES,Ortega
ES,Ortiz
ES,Ramos
ES,Ramírez
ES,Rodríguez
ES,Romero
ES,Serrano
ES,Suárez
ES,Sánchez
ES,Torres
ES,Vázquez
FI,Ahonen
FI,Heikkilä
FI,Heikkinen
FI,Heinonen
FI,Hämäläinen
FI,Jokinen
FI,Järvinen
FI,Karjalainen
FI,Kinnunen
FI,Korhonen
FI,Koskinen
FI,Lahtinen
FI,Laine
FI,Laitinen
FI,Lehtinen
FI,Lehtonen
FI,Mattila
FI,Mäkelä
FI,Mäkinen
FI,Niemi
FI,Nieminen
FI,Rantanen
FI,Saarinen
FI,Salminen
FI,Salo
FI,Salonen
FI,Savolainen
FI,Tuominen
FI,Turunen
FI,Virtanen
FJ,Ali
FJ,Chand
FJ,Chandra
FJ,Deo
FJ,Devi
FJ,Goundar
FJ,Khan
FJ,Kumar
FJ,Lal
FJ,Lata
FJ,Maharaj
FJ,Naidu
FJ,Nand
FJ,Narayan
FJ,Prakash
FJ,Prasad
FJ,Raj
FJ,Ram
FJ,Reddy
FJ,Sharma
FJ,Singh
FJ,Waqa
FO,Dam
FO,Danielsen
FO,Djurhuus
FO,Hansen
FO,Højgaard
FO,Jacobsen
FO,Jensen
FO,Joensen
FO,Johannesen
FO,Johansen
FO,Mikkelsen
FO,Mortensen
FO,Nielsen
FO,Olsen
FO,Petersen
FO,Poulsen
FO,Rasmussen
FO,Simonsen
FO,Sørensen
FO,Thomsen
FR,André
FR,Bernard
FR,Bertrand
FR,Bonnet
FR,David
FR,Dubois
FR,Dupont
FR,Durand
FR,Fournier
FR,François
FR,Garcia
FR,Girard
FR,Lambert
FR,Laurent
FR,Lefebvre
FR,Lefèvre
FR,Leroy
FR,Martin
FR,Martinez
FR,Mercier
FR,Michel
FR,Moreau
FR,Morel
FR,Petit
FR,Richard
FR,Robert
FR,Roux
FR,Simon
FR,Thomas
FR,Vincent
GB,Alexander
GB,Ali
GB,Brown
GB,Clarke
GB,Cox
GB,Davies
GB,Davis
GB,Jackson
GB,James
GB,Johnson
GB,Jones
GB,Khan
GB,Lewis
GB,Mason
GB,Mitchell
GB,Patel
GB,Phillips
GB,Roberts
GB,Rodríguez
GB,Rose
GB,Smith
GB,Taylor
GB,Thomas
GB,Williams
GB,Wilson
GE,Abuladze
GE,Alievi
GE,Aliyev
GE,Bairamov
GE,Bairamovi
GE,Beridze
GE,Bolkvadze
GE,Gelashvili
GE,Giorgadze
GE,Gogoladze
GE,Kapanadze
GE,Khutsishvili
GE,Kvaratskhelia
GE,Lomidze
GE,Maisuradze
GE,Mamedov
GE,Mamedovi
GE,Mchedlishvili
GE,Mikeladze
GE,Nozadze
GE,Shengelia
GE,Tabatadze
GE,Tsiklauri
GR,Aivaliotis
GR,Kontos
GR,Koufos
GR,Kritikos
GR,Mytaras
GR,Papoutsis
GR,Samaras
GT,Aguilar
GT,Castillo
GT,De León
GT,Díaz
GT,Estrada
GT,García
GT,González
GT,Gómez
GT,Hernández
GT,López
GT,Marroquín
GT,Martínez
GT,Morales
GT,Méndez
GT,Pérez
GT,Ramírez
GT,Reyes
GT,Rodríguez
GT,Velásquez
GT,Vásquez
HR,Babić
HR,Barišić
HR,Blažević
HR,Bošnjak
HR,Božić
HR,Filipović
HR,Grgić
HR,Horvat
HR,Jukić
HR,Jurić
HR,Knežević
HR,Kovač
HR,Kovačević
HR,Kovačić
HR,Lovrić
HR,Marić
HR,Marković
HR,Matić
HR,Novak
HR,Pavić
HR,Pavlović
HR,Perić
HR,Perković
HR,Petrović
HR,Popović
HR,Radić
HR,Tomić
HR,Vidović
HR,Vuković
HR,Šarić
HU,Balogh
HU,Balázs
HU,Farkas
HU,Fehér
HU,Fekete
HU,Gál
HU,Horváth
HU,Juhász
HU,Kiss
HU,Kovács
HU,Lakatos
HU,Molnár
HU,Mészáros
HU,Nagy
HU,Németh
HU,Oláh
HU,Papp
HU,Rácz
HU,Simon
HU,Szabó
HU,Szilágyi
HU,Takács
HU,Tóth
HU,Török
HU,Varga
IE,Byrne
IE,Doherty
IE,Doyle
IE,Gallagher
IE,Kelly
IE,Kennedy
IE,Lynch
IE,McCarthy
IE,Moore
IE,Murphy
IE,Murray
IE,O'Brien
IE,O'Byrne
IE,O'Connor
IE,O'Doherty
IE,O'Gallagher
IE,O'Kelly
IE,O'Moore
IE,O'Neill
IE,O'Quinn
IE,O'Reilly
IE,O'Ryan
IE,O'Sullivan
IE,Quinn
IE,Reilly
IE,Ryan
IE,Smith
IE,Sullivan
IE,Walsh
IL,Adary
IL,Adrei
IL,Amar
IL,Avraham
IL,Azoulay
IL,Biton
IL,Chadad
IL,Chen
IL,Cohen
IL,David
IL,Edri
IL,Edry
IL,Friedman
IL,Golan
IL,Hazan
IL,Katz
IL,Khen
IL,Klein
IL,Levi
IL,Levy
IL,Malcah
IL,Mizrahi
IL,Moshe
IL,Ochion
IL,Omer
IL,Peretz
IL,Segal
IL,Segel
IL,Shapira
IL,Tal
IN,Ali
IN,Devi
IN,Kumar
IN,Patel
IN,Sharma
IN,Singh
IN,Yadav
IS,Andersen
IS,Bergmann
IS,Berndsen
IS,Blöndal
IS,Briem
IS,Fjeldsted
IS,Hansen
IS,Hjaltalín
IS,Jensen
IS,Kvaran
IS,Möller
IS,Nielsen
IS,Norðdahl
IS,Olsen
IS,Petersen
IS,Petersen
IS,Scheving
IS,Thorarensen
IS,Thorlacius
IS,Waage
IT,Basile
IT,Bianchi
IT,Caruso
IT,Cattaneo
IT,De Luca
IT,De Rosa
IT,Di Stefano
IT,Ferraro
IT,Ferri
IT,Galli
IT,Gentile
IT,Grasso
IT,Greco
IT,Guerra
IT,Lombardi
IT,Lombardo
IT,Mancini
IT,Marino
IT,Martini
IT,Mazza
IT,Pagano
IT,Palmieri
IT,Parisi
IT,Pellegrino
IT,Piras
IT,Rinaldi
IT,Rossi
IT,Sanna
IT,Serra
IT,Villa
JP,Abe
JP,Aoki
JP,Harada
JP,Hayashi
JP,Imai
JP,Kaneko
JP,Kondō
JP,Kudō
JP,Matsui
JP,Miyasaki
JP,Murakami
JP,Nishimura
JP,Ogawa
JP,Ono
JP,Sakai
JP,Sakurai
JP,Sasaki
JP,Satō
JP,Shibata
JP,Sugahara
JP,Sugiyama
JP,Takagi
JP,Takaki
JP,Takata
JP,Takeda
JP,Wada
JP,Watanabe
JP,Yamada
JP,Yamasaki
JP,Yoshida
KH,Cheam
KH,Chen
KH,Chhet
KH,Chim
KH,Dith
KH,Droplets
KH,Eam
KH,Hong
KH,Khat
KH,Lim
KH,Pen
KH,Ros
KH,Say
KH,Sieng
KH,Son
KH,Son
KH,Taing
KH,Thy
KH,Uy
KH,Yu
KH,means
KH,
KH,
KH,
KH,
KH,
KH,
KH,
KH,
KH,
KR,Cheong
KR,Choi
KR,Gang
KR,Hah
KR,Im
KR,Ji
KR,Joy
KR,Jun
KR,Jun
KR,Kang
KR,Koo
KR,Kwon
KR,Min
KR,Mon
KR,Mun
KR,Munn
KR,Na
KR,Nam
KR,Oh
KR,Paik
KR,Phak
KR,Ra
KR,Rim
KR,Seong
KR,Shung
KR,Sung
KR,U
KR,Yang
KR,Youn
KR,
KZ,Abdrahmanov
KZ,Abdullaev
KZ,Ahmetov
KZ,Aliev
KZ,Amangeldy
KZ,Bolat
KZ,Ibraev
KZ,Ibragimov
KZ,Isaev
KZ,Iskakov
KZ,Ismailov
KZ,Iusupov
KZ,Ivanov
KZ,Karimov
KZ,Kim
KZ,Kusainov
KZ,Kuznetsov
KZ,Li
KZ,Marat
KZ,Murat
KZ,Nurgaliev
KZ,Omarov
KZ,Ospanov
KZ,Sadykov
KZ,Smagulov
KZ,Suleimenov
KZ,Sultanov
KZ,Tsoi
KZ,Серик
KZ,Серикбай
LK,Ahamed
LK,Amarasinghe
LK,Bandara
LK,Dias
LK,Dissanayake
LK,Edirisinghe
LK,Fonseka
LK,Gunasekara
LK,Gunawardana
LK,Hettiarachchi
LK,Jayasekara
LK,Jayasinghe
LK,Jayasuriya
LK,Jayawardana
LK,Jayaweera
LK,Kumara
LK,Lakmal
LK,Liyanage
LK,Mohamed
LK,Munasinghe
LK,Peiris
LK,Perera
LK,Ranaweera
LK,Rodrigo
LK,Samarasinghe
LK,Sampath
LK,Senanayake
LK,Weerasinghe
LK,Wickramasinghe
LK,Wijesinghe
LT,Butkienė
LT,Butkus
LT,Jankauskas
LT,Jankauskienė
LT,Kavaliauskas
LT,Kavaliauskienė
LT,Kazlauskas
LT,Kazlauskienė
LT,Paulauskas
LT,Paulauskienė
LT,Petrauskas
LT,Petrauskienė
LT,Stankevičienė
LT,Stankevičius
LT,Urbonas
LT,Urbonienė
LT,Vasiliauskas
LT,Vasiliauskienė
LT,Žukauskas
LT,Žukauskienė
LU,Becker
LU,Braun
LU,Diederich
LU,Faber
LU,Hansen
LU,Hoffmann
LU,Kayser
LU,Kieffer
LU,Klein
LU,Kremer
LU,Krier
LU,Majerus
LU,Meyer
LU,Meyers
LU,Muller
LU,Reuter
LU,Ries
LU,Schiltz
LU,Schmit
LU,Schmitz
LU,Schneider
LU,Schroeder
LU,Simon
LU,Steffen
LU,Thill
LU,Wagener
LU,Wagner
LU,Weber
LU,Weiss
LU,Welter
LV,Balodis
LV,Bērziņš
LV,Eglītis
LV,Jansons
LV,Kalniņš
LV,Krūmiņš
LV,Kārkliņš
LV,Kļaviņš
LV,Liepiņš
LV,Ozoliņš
LV,Ozols
LV,Pētersons
LV,Vanags
LV,Vītols
LV,Zariņš
MD,Ceban
MD,Cebotari
MD,Ciobanu
MD,Cojocari
MD,Guțu
MD,Lungu
MD,Melnic
MD,Munteanu
MD,Popa
MD,Rotari
MD,Roșca
MD,Rusu
MD,Sîrbu
MD,Ursu
MD,Țurcan
ME,Ivanović
ME,Jovanović
ME,Kovačević
ME,Marković
ME,Perović
ME,Popović
ME,Radović
ME,Radulović
ME,Vujović
ME,Vuković
MK,Andov
MK,Angelov
MK,Bogdanov
MK,Bozinov
MK,Brankov
MK,Damcevski
MK,Davidov
MK,Donev
MK,Filipov
MK,Ivanov
MK,Ivanovski
MK,Janev
MK,Koloski
MK,Kostov
MK,Kostovski
MK,Markoski
MK,Markov
MK,Mladenovski
MK,Nikolovski
MK,Pavlovski
MK,Penov
MK,Petkov
MK,Petrovski
MK,Popoff
MK,Ristevski
MK,Stojanov
MK,Trajanoski
MK,Trajanovski
MK,Trajcevski
MK,Trajkovski
MT,Attard
MT,Borg
MT,Camilleri
MT,Farrugia
MT,Galea
MT,Grech
MT,Micallef
MT,Spiteri
MT,Vella
MT,Zammit
MX,Acosta
MX,Camacho
MX,Castro
MX,Cervantes
MX,Cárdenas
MX,Domínguez
MX,Díaz
MX,Flores
MX,Guerrero
MX,Gómez
MX,Hernández
MX,Herrera
MX,Luna
MX,López
MX,Medina
MX,Meza
MX,Miranda
MX,Molina
MX,Morales
MX,Moreno
MX,Orozco
MX,Ortega
MX,Ortíz
MX,Padilla
MX,Peña
MX,Rangel
MX,Ruíz
MX,Salazar
MX,Tapia
MX,Vega
NL,Bakker
NL,Bos
NL,Brouwer
NL,De Boer
NL,De Graaf
NL,De Groot
NL,De Jong
NL,De Vries
NL,De Wit
NL,Dekker
NL,Dijkstra
NL,Hendriks
NL,Jansen
NL,Janssen
NL,Meijer
NL,Meyer
NL,Mulder
NL,Peters
NL,Smit
NL,Smits
NL,Van Dijk
NL,Van Dyk
NL,Van Leeuwen
NL,Van den Berg
NL,Van der Meer
NL,Visser
NL,Vos
NO,Andersen
NO,Andreassen
NO,Berg
NO,Dahl
NO,Eriksen
NO,Hagen
NO,Halvorsen
NO,Hansen
NO,Haugen
NO,Henriksen
NO,Jacobsen
NO,Jensen
NO,Johannessen
NO,Johansen
NO,Johnsen
NO,Jørgensen
NO,Karlsen
NO,Kristiansen
NO,Larsen
NO,Lund
NO,Nilsen
NO,Olsen
NO,Pedersen
NO,Pettersen
NP,Bishwakarma
NP,Chaudhary
NP,Chetry
NP,Chhetri
NP,Chowdhury
NP,Gurung
NP,Lama
NP,Magar
NP,Maharjan
NP,Nepali 
NP,Pariyar
NP,Pokharel
NP,Pokhrel 
NP,Rai
NP,Rana
NP,Sah 
NP,Shah
NP,Sharma
NP,Shrestha
NP,Singh
NP,Tamang
NP,Thapa
NP,Tharu
NP,Yadav
NZ,Brown
NZ,Jones
NZ,Kaur
NZ,Patel
NZ,Sharma
NZ,Singh
NZ,Smith
NZ,Taylor
NZ,Williams
NZ,Wilson
PE,Castillo
PE,Castro
PE,Chávez
PE,Díaz
PE,Espinoza
PE,Fernández
PE,Flores
PE,García
PE,González
PE,Gutiérrez
PE,Huamán
PE,López
PE,Mamani
PE,Martínez
PE,Mendoza
PE,Morales
PE,Pérez
PE,Quispe
PE,Ramos
PE,Ramírez
PE,Reyes
PE,Rodríguez
PE,Rojas
PE,Romero
PE,Ruíz
PE,Salazar
PE,Sánchez
PE,Torres
PE,Vargas
PE,Vásquez
PH,Aguilar
PH,Bautista
PH,Castillo
PH,Castro
PH,Corpuz
PH,Dizon
PH,Flores
PH,Francisco
PH,Gutierrez
PH,Hernandez
PH,Lopez
PH,Manalo
PH,Martinez
PH,Mendoza
PH,Miranda
PH,Morales
PH,Ramirez
PH,Ramos
PH,Rivera
PH,Rodriguez
PH,Salvador
PH,Santiago
PH,Santos
PH,Soriano
PH,Tolentino
PH,Valdez
PH,Velasco
PH,Villanueva
PH,de Guzman
PH,dela Cruz
PL,Dąbrowski
PL,Grabowski
PL,Jankowski
PL,Kaczmarek
PL,Kamiński
PL,Kowalczyk
PL,Kowalski
PL,Kozłowski
PL,Krawczyk
PL,Kwiatkowski
PL,Lewandowski
PL,Mazur
PL,Nowak
PL,Piotrowski
PL,Szymański
PL,Wiśniewski
PL,Wojciechowski
PL,Woźniak
PL,Wójcik
PL,Zieliński
PT,Almeida
PT,Alves
PT,Azevedo
PT,Carvalho
PT,Castro
PT,Coelho
PT,Costa
PT,Cruz
PT,Cunha
PT,Figueiredo
PT,Gomes
PT,Jesus
PT,Lopes
PT,Lourenço
PT,Machado
PT,Matos
PT,Monteiro
PT,Neves
PT,Nunes
PT,Oliveira
PT,Pereira
PT,Pires
PT,Ribeiro
PT,Rodrigues
PT,Silva
PT,Simões
PT,Soares
PT,Sousa
PT,Tavares
PT,Vieira
PY,Acosta
PY,Ayala
PY,Benítez
PY,Báez
PY,Cardozo
PY,Cáceres
PY,Duarte
PY,Fernández
PY,Franco
PY,Galeano
PY,Giménez
PY,González
PY,Gómez
PY,Herrera
PY,López
PY,Martínez
PY,Núñez
PY,Ortiz
PY,Ramírez
PY,Rodríguez
PY,Rojas
PY,Ruiz
PY,Torres
PY,Vera
PY,Villalba
RO,Ciobanu
RO,Dumitru
RO,Gheorghe
RO,Ionescu
RO,Matei
RO,Pop
RO,Popa
RO,Popescu
RO,Radu
RO,Rusu
RO,Stan
RO,Stoica
RS,Ilić
RS,Jovanović
RS,Marković
RS,Milošević
RS,Nikolić
RS,Pavlović
RS,Petrović
RS,Stanković
RS,Stojanović
RS,Đorđević
RU,Bogdanov
RU,Golubev
RU,Ivanov
RU,Kozlov
RU,Kuznetsov
RU,Lebedev
RU,Morozov
RU,Novikov
RU,Pavlov
RU,Petrov
RU,Popov
RU,Semyonov
RU,Smirnov
RU,Sokolov
RU,Solovyov
RU,Vasilyev
RU,Vinogradov
RU,Volkov
RU,Vorobyov
RU,Zaytsev
SI,Bizjak
SI,Božič
SI,Golob
SI,Horvat
SI,Hočevar
SI,Hribar
SI,Kastelic
SI,Kavčič
SI,Klemenčič
SI,Kolar
SI,Koren
SI,Korošec
SI,Kos
SI,Kotnik
SI,Kovač
SI,Kovačič
SI,Košir
SI,Krajnc
SI,Kralj
SI,Mlakar
SI,Novak
SI,Oblak
SI,Petek
SI,Potočnik
SI,Rozman
SI,Turk
SI,Vidmar
SI,Zupan
SI,Zupančič
SI,Žagar
SK,Balog
SK,Baláž
SK,Gajdoš
SK,Horváth
SK,Hudák
SK,Kollár
SK,Kovács
SK,Kováč
SK,Kováčik
SK,Lukáč
SK,Molnár
SK,Nagy
SK,Neméth
SK,Novák
SK,Oláh
SK,Oravec
SK,Polák
SK,Szabó
SK,Tóth
SK,Varga
SR,Chin
SR,Kalloe
SR,Kluivert
SR,Lie
SR,Lin
SR,Mohan
SR,Pinas
SR,Sabajo
SR,Semil
SR,Singh
SR,Tjin
SR,Wong
SR,van Dijk
SV,Aguilar
SV,Andersson
SV,Cruz
SV,Eriksson
SV,Flores
SV,Gustafsson
SV,Hansson
SV,Jakobsson
SV,Jansson
SV,Johansson
SV,Jonsson
SV,Jönsson
SV,Larsson
SV,Lindberg
SV,Mejía
SV,Nilsson
SV,Olofsson
SV,Olsson
SV,Orellana
SV,Portillo
SV,Pérez
SV,Ramos
SV,Ramírez
SV,Reyes
SV,Rivas
SV,Rivera
SV,Rodríguez
SV,Romero
SV,Svensson
SV,Vásquez
TR,Arslan
TR,Aslan
TR,Aydın
TR,Demir
TR,Doğan
TR,Kara
TR,Kaya
TR,Koç
TR,Kurt
TR,Kılıç
TR,Yıldırım
TR,Yıldız
TR,Yılmaz
TR,Çelik
TR,Çetin
TR,Özdemir
TR,Özkan
TR,Öztürk
TR,Şahin
TR,Şimşek
TW,Chhoà
TW,Choy
TW,Chua
TW,Chun
TW,Chén
TW,Coi
TW,Heng
TW,Lam
TW,Lau
TW,Lee
TW,Lee
TW,Lei
TW,Li
TW,Lim
TW,Liu
TW,Lum
TW,Lí
TW,Ngô͘
TW,Teoh
TW,Tiong
TW,Tiu
TW,Ts'ai
TW,Tsay
TW,Tân
TW,Vang
TW,Wang
TW,Wong
TW,Wu
TW,Yang
TW,Zhāng
UA,Bondar
UA,Bondarenko
UA,Boyko
UA,Koval
UA,Kovalchuk
UA,Kovalenko
UA,Kravchenko
UA,Lysenko
UA,Marchenko
UA,Melnyk
UA,Moroz
UA,Petrenko
UA,Polishchuk
UA,Rudenko
UA,Savchenko
UA,Shevchenko
UA,Shevchuk
UA,Tkachenko
UA,Tkachuk
UA,Yakovenko
US,Allen
US,Bennett
US,Brooks
US,Campbell
US,Carter
US,Diaz
US,Gonzalez
US,Hill
US,Howard
US,Jones
US,Martinez
US,Moore
US,Morris
US,Nelson
US,Perry
US,Powell
US,Price
US,Reyes
US,Richardson
US,Roberts
US,Robinson
US,Ross
US,Smith
US,Stewart
US,Taylor
US,Thompson
US,Ward
US,Wilson
US,Wright
US,Young
VN,Bùi
VN,Dương
VN,Hoa
VN,Huỳnh/Hoàng
VN,Hà
VN,Khúc
VN,Lý
VN,Lưu
VN,Mạc
VN,Nguyễn
VN,Ngô
VN,Ngọ
VN,Phan
VN,Phạm
VN,Quách
VN,Thái
VN,Thân
VN,Thường
VN,Thạch
VN,Trác
VN,Trương
VN,Trần
VN,Tạ
VN,Từ
VN,Vũ/Võ
VN,Vương
VN,Đoàn
VN,Đàm
VN,Đào
VN,Đỗ
XK,Afërdita
XK,Arben
XK,Bajram
XK,Bekim
XK,Berisha
XK,Bytyqi
XK,Egzon
XK,Emine
XK,Fatime
XK,Gashi
XK,Hasani
XK,Hoti
XK,Kastrati
XK,Krasniqi
XK,Kryeziu
XK,Morina
XK,Muhamet
XK,Ramadan
XK,Shala
XK,Valon
